{
  "chest_bin": 18,
  "chest_range_m": 0.72,
  "chest_bin_score": 7999936.0,
  "fs_slow_hz": 25.0,
  "duration_s": 30.0,
  "n_frames": 750,
  "metrics": {
    "mean_ibi_ms": 833.169077990908,
    "mean_hr_bpm": 72.0141944594045,
    "sdnn_ms": 2.3642120327595895,
    "rmssd_ms": 2.859484454179167,
    "pnn50_pct": 0.0
  },
  "warnings": [
    "capture is 30.0 s (< 60 s); short-term HRV norms assume \u2265 60 s"
  ],
  "n_beats_detected": 36,
  "n_intervals_kept": 35
}